user,publication
0,316
0,429
0,938
0,4560
1,30
1,974
1,2791
1,3425
1,4433
1,4611
2,512
2,624
2,2007
2,3688
3,806
3,1110
3,2084
3,3384
3,3601
3,3673
3,4174
4,108
4,935
4,1654
4,2725
4,2769
5,1282
5,2361
5,4593
6,328
6,866
6,1519
6,2460
6,4091
6,4695
7,228
7,834
7,1414
7,1594
7,2476
7,3175
7,3766
7,4732
8,498
8,661
8,1639
8,4589
9,17
9,1380
9,2863
10,87
10,1079
10,1366
10,3396
10,4462
11,2398
11,2628
11,2722
11,3615
11,4763
11,4787
11,4809
12,56
12,454
12,777
12,1699
12,1888
12,2604
12,3537
12,4401
13,1968
13,2097
13,2413
13,2445
13,2524
13,2566
13,3368
14,1480
14,3244
14,3361
15,91
15,121
15,1992
16,950
16,1676
16,3296
16,4194
16,5006
17,472
17,2737
17,3957
17,3983
17,4114
18,7
18,457
18,2232
18,3701
18,3703
18,4260
19,128
19,1452
19,2350
19,2904
19,3675
19,4498
20,1652
20,1796
20,2163
20,2237
21,752
21,1313
22,112
22,1647
22,2066
22,4654
23,349
23,1155
23,1649
23,1718
23,1964
23,2324
23,2778
23,3240
23,3276
23,3943
23,4777
24,704
24,759
24,886
24,1031
24,2695
24,4539
25,261
25,654
25,3428
25,4368
25,4692
26,3164
26,4432
26,4616
27,320
27,1465
27,2061
27,2125
27,3712
28,1026
28,1744
28,2359
28,2764
28,3400
29,2130
29,2188
29,3710
29,3813
29,4103
30,331
30,468
30,701
30,968
30,4437
30,4815
31,234
31,248
31,728
31,1115
31,1572
31,2770
31,3614
31,3905
31,4476
31,4796
31,4811
31,4831
32,2587
32,3212
32,4086
33,21
33,508
33,3581
33,4124
33,4292
34,2841
34,2923
34,4472
34,4507
34,4743
35,1664
35,4237
36,853
36,2222
36,4216
36,4266
36,4439
36,4851
37,337
37,2000
37,3003
37,3982
38,144
38,217
38,987
38,2602
38,3834
38,4543
39,677
39,2169
39,2355
39,2693
39,4345
39,4762
39,4780
40,4561
40,4597
41,558
41,588
41,954
41,2439
41,3619
41,4966
41,4993
42,58
42,579
42,1092
42,2218
42,3122
42,3964
42,4913
43,218
43,894
43,3625
43,3651
43,3836
43,4300
44,325
44,3492
44,3779
44,4171
44,4580
45,541
45,1701
45,1854
45,3178
46,942
46,2252
46,3163
46,3916
46,4445
47,3032
48,423
48,1884
48,1887
48,2581
48,3967
49,743
49,2024
49,2561
49,3108
49,4399
49,4447
49,4860
50,1455
50,3339
50,4013
50,4467
51,24
51,125
51,127
51,2135
51,3974
51,4215
51,4905
52,284
52,459
52,1553
52,1581
52,1966
52,2311
52,2729
52,3228
52,3533
52,4769
53,357
53,1067
53,1832
53,3234
53,3575
53,4317
54,735
54,2310
54,3323
54,4843
55,165
55,206
55,226
55,939
55,1591
55,2481
55,3607
55,4026
55,4981
56,283
56,377
56,1679
56,2921
56,5000
57,1244
57,1839
57,1856
57,2159
57,2161
57,2900
57,3680
57,4441
58,487
58,1224
58,1261
58,2153
58,2281
58,2821
58,3774
59,2336
59,3495
60,951
60,1000
60,1612
60,2943
60,3841
60,4282
60,4332
60,4344
61,804
61,2081
61,3990
61,4353
61,4517
62,1495
62,1524
63,469
63,2417
63,2728
63,3181
63,4153
64,196
64,1912
64,2411
64,3387
64,4628
64,4785
65,717
65,1867
65,2724
65,3671
66,336
66,1102
66,1632
66,1863
66,3004
67,524
67,709
67,1535
67,1998
67,2597
67,3433
67,3518
67,3829
68,1451
68,2068
68,3460
69,169
69,688
69,2269
69,2897
69,3656
69,4921
70,1320
70,3729
70,4979
71,60
71,1089
71,2157
71,2574
71,3225
71,3458
72,20
72,664
72,1139
72,3355
72,4633
72,4821
73,574
73,638
73,807
73,3071
73,4244
74,818
74,1508
74,2495
74,3007
74,3277
74,3655
74,4648
74,4658
74,4926
74,4927
74,5014
75,2256
75,2335
75,2397
76,31
76,2514
76,3394
76,3808
76,4709
76,4710
77,1003
77,1891
77,2637
77,3554
77,3648
77,3682
78,109
78,856
78,1140
78,2700
78,3146
78,4929
78,5096
79,778
79,1734
79,2104
79,2634
79,2979
79,4418
80,164
80,1765
80,2145
80,3449
80,3730
80,3917
81,54
81,214
81,824
81,2017
81,2063
81,2137
81,4192
81,4888
81,5033
82,324
82,879
82,3329
82,4089
82,4303
82,4395
83,872
83,1500
83,1715
83,3658
84,44
84,534
84,1076
84,1122
84,1660
84,3177
84,4424
84,4478
85,787
85,1626
86,1521
86,1770
86,2284
86,3406
86,4983
87,527
87,1273
87,1360
87,2146
87,2246
87,2356
87,2696
87,4505
88,313
88,2248
88,3522
88,4360
88,4457
88,4836
89,940
89,1707
89,2124
89,2379
89,2586
89,3686
89,4776
90,139
90,1941
90,2958
90,2984
90,3156
90,4176
90,4226
91,1186
91,3264
91,3501
91,4334
92,295
92,1236
92,4066
93,300
93,1021
93,3139
93,4876
93,5044
94,1387
94,3318
94,3713
94,5065
95,1136
95,1599
95,4565
96,49
96,2792
96,4636
97,722
97,2096
97,4092
98,2409
98,4680
99,345
99,1339
99,2330
99,2577
99,4557
100,863
100,995
100,2818
100,3168
100,3866
100,4864
101,72
101,1567
101,1852
102,10
102,529
102,791
102,1105
102,2802
102,3704
102,3871
102,4960
103,322
103,415
103,1354
103,1565
103,1812
103,2229
103,3832
103,5068
104,1130
104,3020
104,4239
104,5023
105,185
105,2226
105,2533
105,3263
105,4420
106,348
106,3147
106,3613
106,4480
107,680
107,2720
107,5072
108,1262
108,1905
108,2325
108,3061
108,4014
108,4516
109,761
109,1643
109,2718
109,3583
109,4526
109,4792
110,639
110,1398
110,2830
110,3018
110,3121
111,2929
111,3696
112,110
112,555
112,593
112,4764
113,35
113,956
113,1316
113,1640
113,2266
113,3056
114,161
114,620
114,891
114,2803
114,3407
114,3484
115,516
115,556
115,560
115,922
115,944
115,3541
115,3552
115,4767
116,869
116,980
116,1971
116,2171
116,2455
116,2826
116,3488
116,4872
116,4944
117,240
117,1336
117,2430
117,2639
117,2847
117,4907
118,115
118,515
118,1317
118,1646
118,2408
118,2528
118,2953
118,3069
118,3624
119,1893
119,3826
119,4912
120,1634
120,2652
121,42
121,1045
121,1559
121,2374
121,3538
121,3628
122,732
122,2793
122,3450
122,3556
122,3825
122,4008
122,4779
123,1116
123,1798
123,2457
123,4061
123,4647
124,729
124,763
124,1642
124,1776
124,2758
124,3201
124,3213
124,3435
124,3659
124,4893
125,211
125,390
125,2003
125,2425
125,4937
126,2721
127,486
127,828
127,3127
127,4348
128,1035
128,3486
128,3490
128,4883
128,4968
129,1593
129,1616
129,1894
129,2095
129,4372
130,1944
130,2432
130,2438
130,3578
130,4123
130,4279
131,2446
131,2475
131,3947
132,678
132,965
132,1205
132,2673
132,3057
132,3510
132,3695
132,4102
132,4902
132,4928
133,656
133,692
133,1189
133,2487
133,2568
133,3906
134,2466
134,4225
135,1058
135,4033
136,1133
136,3250
136,3568
136,5077
137,153
137,1370
137,1403
137,1589
137,2343
137,3303
137,3353
137,4408
139,2516
139,2874
139,3255
139,4304
140,528
140,1373
140,1979
140,2569
140,4175
140,4524
141,657
141,1876
141,1940
141,2415
141,3176
141,3950
141,3991
142,572
142,651
142,784
142,1137
142,3133
142,3705
142,4313
142,4691
142,5025
143,438
143,734
143,1047
143,2261
143,3567
143,5084
144,421
144,837
144,1170
144,1880
144,4003
144,4323
144,4486
145,755
145,789
145,1790
145,2539
145,3307
145,4140
145,4384
145,4728
145,4959
146,650
146,898
146,1982
146,3022
146,5043
147,2708
147,4503
148,614
148,2485
148,2530
148,2998
148,3011
148,3085
148,4181
148,4688
149,747
149,1098
149,4460
150,3965
151,222
151,575
151,2429
151,2844
151,3468
151,4917
152,494
152,608
152,1218
152,2370
152,4857
153,1329
153,1507
153,2141
153,4567
154,949
154,1737
154,2365
154,3325
154,3559
155,587
155,622
155,660
155,867
155,1154
155,1977
155,3429
155,3544
155,4085
155,4356
156,874
156,1271
156,1871
156,4551
157,666
157,719
157,1178
157,2158
157,3790
157,4015
157,5047
157,5049
158,420
158,2105
158,2552
158,3665
158,3689
158,4072
158,4587
159,552
159,3094
159,3645
159,3770
159,3839
159,4991
160,1719
160,2177
160,2273
160,4364
161,2641
161,3150
161,3926
161,4016
161,4473
162,1897
162,2440
162,2767
162,3173
163,609
163,3275
163,4903
164,841
164,1028
164,1635
164,1923
164,4336
165,101
165,147
165,461
165,981
165,2122
165,2761
165,4425
166,2556
166,3405
166,3819
166,4534
166,4548
166,4786
167,220
167,1302
167,1511
167,3854
167,4845
168,1421
168,2442
168,4847
169,1698
169,2212
169,4115
169,4434
170,122
170,401
170,416
170,1791
170,2431
170,4187
171,1692
171,1931
171,2056
171,2165
171,2288
171,2302
171,3039
172,458
172,2864
172,4134
172,4977
172,5054
173,399
173,466
173,1319
173,2378
173,2773
173,4263
174,577
174,4206
175,1148
175,1229
175,1246
175,2855
175,4794
176,493
176,794
176,3732
177,785
177,1241
177,2371
177,2622
177,4143
177,4661
178,659
178,822
178,1332
178,1633
178,2660
178,2762
178,3246
178,4720
179,1250
179,2428
179,2990
179,4234
179,4431
180,260
180,372
180,599
180,2638
180,3280
180,4775
181,264
181,540
182,537
182,1121
182,2381
182,3198
182,4084
182,4169
183,274
183,546
183,1009
183,1212
183,3986
183,4415
183,4657
184,407
184,1196
184,2338
184,2488
184,3801
185,814
185,1675
185,2189
185,4251
185,4391
185,5059
186,1504
186,2217
186,4951
187,943
187,1226
187,1367
187,2362
187,3286
187,3344
187,3931
188,819
188,1562
188,4853
189,411
189,641
189,1023
189,1037
189,1233
189,2925
189,3098
189,3929
189,4681
189,5048
190,801
190,2946
191,827
191,892
191,3507
191,4634
191,4711
192,116
192,2744
192,2854
192,2973
193,2118
193,4693
194,1739
194,2862
194,2878
194,3099
194,3973
195,1578
195,1801
196,820
196,1949
196,2022
196,3731
196,4118
196,4521
197,175
197,2986
197,3063
197,3279
197,3999
197,5064
198,370
198,3896
198,3944
199,895
199,1254
199,1958
199,2057
199,4038
199,4227
199,4614
199,5066
200,811
200,1353
200,1432
200,1454
200,2966
200,3301
200,3724
200,5053
201,143
201,1099
201,1300
201,2221
201,3503
201,5085
202,658
202,2214
202,2933
202,3719
202,4619
202,4622
202,4805
203,773
203,1183
203,1362
203,2500
204,62
204,1450
204,1877
204,2392
204,2888
204,2976
204,2977
204,3882
205,959
205,1124
205,2059
205,3797
205,4397
206,205
206,233
206,788
206,847
206,2477
206,2682
206,3873
207,983
207,2030
207,2075
207,2985
207,4159
208,2021
208,2339
208,3117
208,4889
209,34
209,880
209,2592
209,2964
209,3909
210,198
210,3251
211,2643
212,3463
213,1710
213,3993
213,4268
214,953
214,2885
214,3038
214,3053
214,4141
214,4909
215,71
215,2978
215,4620
216,721
216,1777
216,3845
216,3961
217,764
217,780
217,1402
217,2278
217,2971
217,3045
217,3192
217,4258
217,4750
217,5015
218,495
218,2033
218,3130
218,4737
218,5102
219,273
219,1077
219,3209
219,4715
219,5093
220,1987
220,2032
220,3726
220,3877
220,4421
221,3060
221,3261
222,999
222,2681
223,25
223,697
223,1443
223,2210
223,3308
223,4625
224,241
224,731
224,4591
224,4678
224,5041
225,930
225,1778
225,1786
225,2150
225,2235
225,2517
225,3349
225,3864
225,4770
226,1522
226,3831
227,200
227,334
227,2661
227,2812
227,3741
227,3755
227,4010
228,64
228,167
228,1802
228,2940
228,4328
229,141
229,903
229,1048
229,2023
229,2127
229,3141
229,3768
229,3804
229,5046
230,146
230,2461
230,3380
230,3934
230,4358
231,573
231,671
231,1158
231,1615
231,1953
231,3216
231,4370
231,4477
232,796
232,1529
232,4547
232,5073
233,330
234,194
234,1126
234,2258
234,2535
234,4249
235,26
235,3448
236,542
236,2776
236,3771
236,3989
236,4788
237,1436
237,1651
237,2837
237,3151
237,3367
237,3565
238,2467
238,2771
238,4009
238,4870
239,991
239,1351
239,2920
239,3401
239,4019
239,4178
239,4992
240,745
240,1568
240,1768
240,2358
241,1409
241,2963
241,3436
241,4144
242,478
242,2308
242,3476
243,775
243,1598
243,3940
244,1258
244,1767
244,4099
244,4726
244,5087
245,364
245,1417
245,1722
245,2201
245,2231
245,2739
245,3857
246,1331
246,2154
246,2172
246,2952
247,99
247,1826
247,2421
247,3034
247,3535
247,3589
247,4059
247,4224
247,4371
248,1232
248,2115
248,2546
248,3884
248,4962
250,1109
250,1530
250,1825
250,2559
250,3706
250,4406
250,5089
251,792
251,952
251,2819
251,3837
251,4650
252,1052
252,3104
252,3970
253,32
253,189
253,451
253,1668
253,2615
254,8
254,712
254,1197
254,1785
254,3467
254,4267
255,550
255,1296
255,1592
255,1742
255,2899
255,2987
256,871
256,921
256,1526
256,1946
256,1951
256,2064
256,2997
256,4257
257,1829
257,2255
257,4919
258,314
258,710
258,762
258,1506
258,1721
258,2166
258,2504
258,4635
259,247
259,896
259,1975
259,3047
259,4207
260,306
260,2175
260,2230
260,2797
260,2836
260,3941
261,750
261,817
261,1807
261,1859
261,3891
261,4455
262,957
262,1222
262,1918
262,2041
262,2503
262,2959
262,3302
262,3663
262,3955
262,4646
262,5057
263,1094
263,3012
263,3161
263,3169
263,3623
263,4899
264,1072
264,3221
264,3959
264,4031
264,4407
265,1128
265,1309
265,1490
265,2405
265,3336
265,3385
266,530
266,1740
266,1858
266,1981
266,2128
266,2656
266,4570
267,266
267,1605
267,3874
268,43
268,2133
268,2303
268,2754
268,3721
268,4481
269,57
269,829
269,1234
269,2617
269,3397
270,982
270,1345
270,2630
270,4321
271,539
271,2051
271,4325
271,4531
272,726
272,1827
272,3112
273,1580
273,2013
273,3932
273,4006
274,662
274,994
274,3822
274,4052
274,4150
275,53
275,915
275,1239
275,1936
275,2555
275,3652
275,3793
276,282
276,1810
276,1915
276,2009
276,4627
276,4826
276,4932
277,145
277,380
277,963
277,1463
277,2320
277,2557
277,4322
278,1570
278,1903
278,2483
278,2496
278,3229
278,3420
278,4799
278,5016
279,75
279,174
279,427
279,606
279,1153
279,1554
279,1808
280,1379
280,1937
280,3907
280,4233
281,464
281,2037
281,2094
281,2098
281,3115
281,3966
281,4232
281,4724
281,5067
282,2491
282,2880
282,3297
282,4380
282,5091
283,129
283,405
283,1708
283,2038
283,3120
283,3551
283,4451
284,90
284,1201
284,1290
284,3660
284,3908
284,4414
285,693
285,1192
285,2790
285,3395
285,3633
285,3683
285,4035
286,1838
286,2849
286,3728
286,4972
286,5039
287,269
287,643
287,1422
287,1474
287,2092
287,2908
287,3124
287,4170
287,4854
287,4958
288,2026
288,5079
289,533
289,862
289,2386
289,3745
289,4198
289,4554
290,823
290,1064
290,1531
290,2296
290,2980
290,3577
290,3960
291,1557
291,1865
291,2357
291,2435
291,4618
291,4739
292,4862
293,1533
293,1788
293,2242
293,3516
294,1042
294,2015
294,2631
295,235
295,672
295,1479
295,2677
295,3555
295,4416
296,3365
296,3976
297,368
297,632
297,3067
297,3443
297,5086
298,272
298,4667
298,4848
299,2465
299,3491
299,4201
299,4349
300,591
300,831
301,522
301,1043
301,1505
301,1836
301,2103
301,2434
301,2765
301,3473
301,4569
301,4702
302,1337
302,1757
302,2322
302,5030
303,3
303,384
303,4158
304,255
304,825
304,1323
304,2120
304,2688
304,3203
305,2510
305,2538
305,2759
305,4916
306,857
306,1066
306,1146
306,1150
306,1303
306,1621
306,2036
306,3879
306,4210
307,3247
307,4182
308,5062
309,51
309,1240
309,3496
310,1349
311,252
311,490
311,839
311,1347
311,2653
311,3111
311,3780
311,3953
311,4755
311,4975
311,5035
312,1713
312,1861
312,1899
312,2291
312,3235
312,3734
312,4522
313,23
313,4939
314,889
314,2426
314,2717
314,3410
314,3511
314,4101
314,4135
314,4448
315,488
315,1600
315,1956
315,2624
315,3342
315,3792
316,859
316,1405
316,1677
316,3662
317,1896
317,4177
318,1813
318,2551
319,362
319,1392
319,2711
319,3867
319,4412
320,82
320,385
320,448
320,1809
320,4240
320,4357
321,808
321,1845
322,375
322,1078
322,2645
322,2866
322,3800
323,1014
323,2668
323,2901
323,4264
323,4373
323,5083
324,803
324,1020
324,1393
324,1855
324,2750
324,3288
324,3333
324,3759
324,3794
324,4550
325,80
325,548
325,1010
325,1081
325,2915
325,3493
325,4148
325,4669
326,1106
326,1493
326,1499
326,3911
327,312
327,2205
327,2694
327,3016
327,3398
327,4504
327,4744
327,4855
328,484
328,3548
328,4054
328,4918
329,453
329,1107
329,4362
330,985
330,1027
330,4978
331,1114
331,2917
331,4679
331,4920
332,3078
332,3921
332,4012
332,4511
332,5040
333,134
333,2136
334,525
334,795
334,1377
334,2596
334,3597
334,3767
334,4704
335,695
335,1789
335,1961
335,2317
335,2674
335,3315
335,3875
335,4293
335,4314
336,698
336,1191
336,1727
336,1806
336,1954
336,2996
336,4060
336,4062
337,301
337,1908
337,4537
338,73
338,1039
338,1162
338,3753
338,4549
338,4964
339,55
339,625
339,1292
339,2501
339,3392
339,3437
340,363
340,369
340,679
340,3170
340,3702
340,4886
340,5031
341,2532
342,1213
342,1793
342,1909
342,2521
342,2683
342,3050
342,3900
342,4221
342,4801
342,4990
343,754
343,924
343,1050
343,1883
343,1933
343,2299
343,2801
343,3667
345,347
345,1658
345,2766
345,3746
345,4280
345,4469
345,4867
345,4900
346,4721
346,4793
347,1503
347,1904
348,193
348,830
348,1143
348,1411
348,1834
348,1934
348,2560
348,2912
348,3543
348,4456
348,4542
349,335
349,2851
349,3563
349,3987
349,4021
349,4297
349,4599
349,4602
350,927
350,1206
350,2424
350,3079
351,962
351,3257
351,3638
351,4109
351,4438
352,2508
352,2749
352,3191
352,4055
353,1277
353,1902
353,2209
353,3171
353,3952
354,1152
354,1691
354,3106
354,4713
355,1018
355,2147
355,4429
356,373
356,1731
356,2886
356,3805
356,3838
356,4529
356,5051
357,3661
358,433
358,810
358,1576
358,2287
358,4105
359,595
359,1376
359,1983
359,3230
359,3562
360,1575
360,2043
360,2113
360,2733
360,3019
360,4094
360,4459
360,4833
361,40
361,1243
361,1539
361,2808
361,3002
361,3698
361,4029
361,4172
362,482
362,925
362,1268
362,1682
362,2048
362,2707
362,3126
362,3474
363,1135
363,1696
363,2337
363,4914
364,355
364,583
364,805
364,1355
364,1573
364,1879
364,2403
364,3818
365,1372
365,2471
365,2520
365,4464
365,4584
365,4672
366,3440
367,3188
368,1163
368,1991
368,2268
368,2697
368,2735
368,3359
368,4347
368,4890
369,1315
369,2572
369,3872
370,343
370,500
370,633
370,685
370,908
370,2307
370,3843
370,4044
370,4637
371,840
371,1012
371,1080
371,2018
371,2433
371,2907
371,3210
371,3360
371,4577
372,1167
372,4074
372,4269
373,2
373,414
373,2794
373,4752
374,1472
374,1484
374,1624
374,4255
375,3892
375,4079
375,4316
376,590
376,2709
376,3962
376,4283
376,4443
377,265
377,1221
377,1775
377,4228
378,481
378,1007
378,2493
378,2621
378,3314
378,4229
378,4761
379,1571
379,1705
379,3945
379,4095
379,4426
380,93
380,581
380,933
380,1382
380,1536
380,2182
380,2190
380,2509
380,2589
380,3306
380,3338
380,3789
380,4933
381,394
381,3708
382,756
382,1413
382,1613
382,3505
382,4885
383,2632
383,3048
383,3262
383,4573
383,4961
384,4320
385,2934
385,4128
385,4719
385,4797
385,4911
386,105
386,389
386,1595
386,3287
386,4053
386,4638
386,4689
386,4813
386,5005
387,156
387,846
387,900
387,1456
387,1631
387,1783
387,2293
387,2705
387,4791
388,46
388,2285
388,4430
389,797
389,1901
389,2909
390,2478
390,2974
390,4817
391,1878
391,3902
391,4298
391,4440
391,4613
392,137
392,563
392,2174
392,3922
392,4241
392,4666
393,535
393,2815
393,3743
393,3968
394,12
394,2321
394,2549
394,2752
394,3129
395,1513
395,2364
395,2472
395,2594
395,2680
396,2412
396,2831
396,3030
396,3564
397,1147
397,1394
397,1843
397,1938
397,2468
397,2939
397,4093
397,4508
398,605
398,1970
398,2160
398,2807
398,3271
398,3684
398,4045
398,4078
398,4901
399,1618
399,2389
399,3499
399,3654
399,4892
400,887
400,1235
400,1396
400,1496
400,2957
400,3076
400,3281
400,3664
400,3735
400,4422
401,1190
401,2839
401,3389
401,3621
401,4533
402,2014
402,2164
402,2626
402,3026
403,1166
403,1401
403,1848
403,4243
403,4327
404,439
404,757
404,2191
404,2829
404,3330
404,3334
404,4213
404,4694
405,576
405,613
405,1184
405,2563
405,3035
405,3751
405,4113
405,4262
406,1566
406,1724
406,3399
406,3457
406,3816
406,4214
406,4706
407,644
407,972
407,1390
407,2199
407,2627
408,270
408,1210
408,1805
408,2168
408,3332
408,3372
409,232
409,1547
410,4288
410,4453
411,905
411,1117
411,4803
412,83
412,204
412,691
412,1255
412,2891
412,3320
412,3637
412,4312
412,4590
413,1132
413,3604
413,4566
414,424
414,1645
414,2142
414,2670
414,2787
414,2968
414,3913
415,1914
415,2331
416,332
416,705
416,1583
416,4733
417,2999
417,4324
418,1433
418,1821
418,1948
418,2197
418,2275
418,2679
418,3199
418,4820
419,85
419,616
419,1269
419,2441
419,2642
419,2969
419,4069
419,5069
420,303
420,848
420,1449
420,2486
420,2941
420,3666
420,3958
420,4621
420,4948
421,1488
421,3408
421,3668
421,4065
422,2277
422,3626
423,507
423,1293
423,1657
423,2058
423,2666
423,3027
423,3851
423,4218
424,566
424,835
424,1193
424,2527
424,4136
424,4915
425,601
425,4735
426,281
426,509
426,567
426,1564
426,4200
426,4774
427,706
427,2635
427,2893
428,1972
428,3082
428,4168
429,849
429,4261
430,103
430,2699
430,4375
430,5105
431,326
431,2116
431,2267
431,2951
431,3093
431,3848
432,578
432,3282
432,3571
432,3603
432,3765
432,3798
433,485
433,2564
433,2833
434,398
434,1584
434,1753
434,2401
434,3348
434,3769
435,990
435,1518
435,2536
435,3482
435,3783
435,4146
435,4423
436,219
436,2078
436,3223
436,3402
436,3687
436,4037
436,4814
437,947
437,1748
437,4682
437,4700
437,5034
438,1046
438,2905
438,4002
438,4050
438,4400
438,4950
439,2609
439,2890
439,4410
440,917
440,2644
440,2960
440,3224
440,3352
440,3691
440,4452
440,4973
440,5019
441,5
441,864
441,2134
441,4230
442,1486
442,2418
442,3042
442,3077
442,3148
442,3572
442,3828
442,4352
443,1145
443,2554
443,3118
443,3144
443,4133
444,1365
444,2456
444,2993
444,4107
445,594
445,2005
445,2129
445,3545
446,2576
446,3206
446,3549
446,4444
447,919
447,1281
447,3362
447,4865
448,341
448,989
448,1824
448,1850
448,2511
448,3616
448,4655
448,4891
449,1947
449,3132
450,553
450,1872
450,4096
450,4586
451,428
451,1743
451,2054
452,77
452,280
452,2071
452,2667
452,3772
453,489
453,876
453,1342
453,2279
453,2865
453,3172
453,4032
453,4083
453,4382
453,4544
453,4940
454,1004
454,1134
454,1638
454,1755
454,3530
454,4184
455,538
455,799
455,875
455,1062
455,4027
455,4936
456,2422
456,3376
456,3740
457,475
457,681
457,1304
457,2474
458,911
458,1435
458,3858
458,3956
459,84
459,221
459,544
459,1040
459,1498
459,1892
459,2027
459,3479
459,4018
459,4049
460,2224
460,2949
460,3937
460,4665
460,4954
461,1406
461,1442
461,2947
461,3500
461,3781
461,4157
462,2360
462,2937
462,3190
462,3580
462,3596
462,4020
462,4571
463,868
463,1022
463,2265
463,3481
464,3930
465,1862
465,2402
466,257
466,499
466,514
466,1286
466,3081
466,3489
466,3509
466,3519
466,3814
466,4290
467,136
467,2525
467,2875
467,3217
467,3343
467,3998
467,4687
468,3749
468,4603
468,4790
469,3143
469,3189
470,456
470,1350
470,3064
470,3606
470,3995
470,4067
471,1011
471,1343
471,3364
472,640
472,1056
472,1438
472,2016
472,3775
472,4856
473,2703
473,3305
473,4765
474,1800
474,2019
474,3517
474,3681
474,3847
475,48
475,800
475,904
475,1032
475,2799
475,2845
475,2948
475,3066
476,152
476,159
476,5029
477,361
477,1060
477,3413
477,3912
477,4001
477,4285
478,432
478,476
478,718
478,826
478,1352
478,2640
478,3653
478,4306
478,4632
478,4984
479,52
479,568
479,1974
479,2315
479,2585
479,3844
479,4463
480,86
480,852
480,986
480,1325
480,1434
480,3155
480,3778
480,4510
481,1869
481,1919
481,2042
481,2119
481,2813
481,4880
482,184
482,1900
482,2458
483,3290
484,1688
484,2264
485,3123
485,3310
485,4188
485,4385
486,480
486,790
486,4058
487,543
487,1363
488,2152
488,3685
488,3739
489,923
489,1389
489,1492
489,1629
489,1980
489,5098
490,236
490,1837
490,3159
490,3865
490,4674
490,5092
491,1418
491,1516
491,1999
491,3471
491,4025
491,4748
491,4934
492,2384
492,2672
492,2755
492,2981
492,2992
492,4082
493,906
493,926
493,1973
493,2479
493,2684
493,3340
493,4690
494,1291
494,3131
494,3186
494,3446
494,3579
494,5103
495,564
495,1469
495,2710
495,2823
496,190
496,1174
496,2873
496,4986
497,39
497,379
497,977
497,1381
497,2367
497,2400
497,3267
497,4295
497,4309
498,88
498,181
498,589
498,3418
498,4047
499,1280
499,1604
499,4699
499,4884
500,197
500,518
500,1704
500,2109
500,2902
500,3258
500,3462
500,4291
500,4378
500,4474
500,5004
501,557
501,793
501,1288
501,1532
501,1619
501,2306
501,2669
501,2859
501,3784
501,3951
501,4697
502,319
502,1019
502,1314
502,1462
502,1716
502,1769
502,4612
503,92
503,182
503,1537
503,2651
503,3194
503,3558
503,3863
503,3935
504,1
504,444
504,1842
504,1990
504,3241
505,1016
505,2332
505,2387
505,3910
505,3992
505,4492
505,4759
505,4970
506,2170
506,2584
506,3617
506,3647
506,4839
506,4895
507,133
507,683
507,1322
507,2882
507,2945
507,3119
507,4139
507,4568
508,177
508,1959
508,3000
508,3714
508,4881
509,188
509,2106
509,2459
509,3179
509,3295
509,3646
509,3880
509,3933
510,1358
510,2228
510,2910
510,3331
510,4338
511,592
511,1164
511,1725
511,2689
511,3205
511,4980
512,353
512,1297
512,1602
512,3154
512,4540
512,4606
512,4731
513,2756
513,3167
513,3827
514,1950
514,2211
514,3972
514,4485
514,4530
515,183
515,1910
515,3103
515,4509
516,1911
516,2008
516,3095
516,3371
516,3487
516,4496
517,1073
517,1525
517,1766
517,3160
517,3785
517,3861
517,3969
517,4112
518,1299
518,1419
518,2260
518,2272
518,2603
518,3897
519,13
519,123
519,1425
519,1540
519,2843
519,3274
519,3936
520,715
520,2437
520,2558
520,4626
520,5007
521,36
521,297
521,696
521,855
521,901
521,4222
521,4707
522,1866
523,612
523,1125
523,2507
523,2647
524,744
524,1927
524,2062
524,2763
525,964
525,969
525,1247
525,1520
525,2962
526,783
526,1491
526,2126
526,2368
526,2450
526,5063
527,271
527,321
527,333
527,1407
527,4718
528,443
528,2447
528,2884
528,4520
529,430
529,4838
530,3070
530,3268
530,4117
531,2329
531,2547
531,2678
531,4684
532,18
532,477
532,526
532,1371
532,2537
532,3903
532,4651
533,2250
533,2377
533,4594
533,4868
534,1200
534,1357
534,1689
534,1804
534,2194
534,2220
534,2607
534,3901
534,4676
535,327
535,376
535,551
535,749
535,1033
535,1671
535,2099
535,2731
535,3439
536,1711
536,3427
536,3853
537,158
537,615
537,1038
537,1849
537,2110
537,2734
537,3416
537,3644
537,3796
538,100
538,1251
538,2796
538,3649
538,3856
539,96
539,1118
539,1873
539,1930
539,3311
539,3455
539,3849
539,4514
540,2489
540,4193
541,713
541,2348
541,2814
541,3245
541,4042
542,720
542,2663
542,3294
543,1216
543,4578
544,3029
544,3918
545,41
545,212
545,418
545,1385
545,3444
545,4924
546,45
546,351
546,1324
546,2244
546,2270
546,2399
546,2751
547,635
547,1214
547,2254
547,3409
547,4850
547,5024
548,934
548,3238
549,781
549,2004
549,2747
550,571
550,945
550,1952
550,2001
550,4512
551,452
551,928
551,1440
551,1548
551,4844
552,1720
552,2567
552,2685
552,4311
553,1253
553,3137
553,3636
554,2502
554,2570
554,3293
554,4409
554,4465
554,4491
554,4536
555,1161
555,2698
555,2861
555,4417
556,409
556,2304
556,2393
556,3725
556,4350
556,4389
556,4742
556,4879
557,569
557,1817
557,3165
557,3820
558,2060
558,4331
558,5081
559,3283
560,187
560,225
561,449
561,776
561,1086
561,2898
561,4852
561,4861
562,3236
563,2606
563,3461
563,3890
563,4470
564,570
564,782
564,2347
564,4088
564,4189
564,4967
564,4982
565,1735
565,2436
565,2522
565,3369
565,3754
565,4000
565,4746
566,329
566,404
566,723
566,733
566,2079
566,2838
566,3823
566,5056
567,180
567,1771
567,2053
568,408
568,2768
569,2223
569,3073
569,3748
569,4369
569,4877
570,201
570,471
570,1223
570,1514
570,2155
570,2580
570,3561
570,3627
571,22
571,191
571,195
571,802
571,1108
571,1461
571,1471
571,1921
571,2675
571,2785
571,3196
571,3914
572,441
572,1369
572,4943
573,4631
574,1165
574,4495
574,4823
575,290
575,513
575,1606
575,4343
576,412
576,2614
576,2806
576,3249
576,4183
576,4545
577,262
577,708
577,907
577,916
577,2028
577,2944
577,3243
577,5008
578,1249
578,2842
578,2881
578,3513
578,3582
578,4419
579,1340
579,1625
579,3979
580,63
580,2282
580,2817
580,3185
580,4830
581,769
582,383
582,910
582,1005
582,1561
582,1917
582,2575
582,3886
582,3949
582,4197
583,2410
583,3412
583,3469
583,3483
584,1173
584,1760
584,2219
584,4583
584,5026
585,501
585,2406
585,3669
586,113
586,736
586,1101
586,2108
586,3963
586,4798
587,186
587,230
587,445
587,1264
587,1415
587,1750
587,2314
587,3919
588,3620
588,4471
588,4923
589,1723
589,2598
589,4376
589,4394
590,435
590,931
590,1308
590,3411
590,3576
590,4546
591,4771
592,2179
592,3600
592,4500
592,4564
593,216
593,356
593,2225
593,2529
593,3699
593,4004
594,126
594,653
594,1375
594,2206
594,2662
594,2690
594,3135
594,4840
595,618
595,1935
595,4734
595,4987
596,360
596,547
596,1795
596,3033
596,3254
596,3720
596,3722
596,4161
597,104
597,178
597,1388
597,2173
597,2869
598,725
598,1149
598,3341
598,3434
599,210
599,1036
599,2227
599,2271
599,4100
599,4965
600,1528
600,2414
600,2619
600,3335
600,4842
601,2087
601,2798
601,3142
601,3758
601,3833
601,3899
602,249
603,267
603,1256
603,1333
603,1481
603,2045
603,2463
603,2713
603,3379
603,4023
603,4818
604,684
604,753
604,3346
605,502
605,1622
606,447
606,3322
606,3773
607,1270
607,1623
607,2065
607,2610
607,3058
607,4039
608,299
608,636
608,645
608,1815
608,2093
608,2251
609,352
609,354
609,1563
609,1782
609,2139
609,3477
609,4802
609,5012
610,1510
610,3378
610,3650
611,1344
611,1400
611,2740
611,3747
612,996
612,3128
612,4596
612,5018
613,676
613,2049
613,2167
614,760
614,1195
614,1680
614,3472
615,751
615,2588
615,2786
615,3075
615,3351
615,3709
615,3883
615,4390
616,5050
617,682
617,1473
617,3536
617,3700
617,4185
617,4242
617,4527
618,2025
619,854
619,893
619,4837
621,1736
621,3421
621,4617
622,2181
622,3068
622,3260
623,440
623,3028
623,3593
624,496
624,1445
624,2195
624,3140
624,4685
625,397
625,2067
625,3300
626,1278
626,2238
626,2274
626,2956
626,4098
626,4946
627,1515
627,2143
627,4296
628,1356
628,1650
628,2333
628,3697
628,4458
628,4887
629,170
629,2544
629,4081
630,1338
630,1841
630,1906
630,4121
630,5099
631,1274
631,2047
631,3040
631,4077
631,4116
631,4402
632,674
632,1670
632,2259
632,2571
632,3525
632,3557
632,3595
632,4270
632,4753
632,4822
633,224
633,1310
633,1487
633,2396
634,1346
634,2186
634,2192
634,2404
634,2860
634,3711
634,4149
634,4974
635,38
635,1637
635,1694
635,1943
635,3084
635,4387
635,4873
636,1437
636,2906
636,4800
637,107
637,176
637,584
637,888
637,1523
637,3285
637,3975
638,1209
638,1404
638,1467
638,1577
638,2805
638,3515
638,3981
639,585
639,689
640,912
640,1627
641,203
641,1318
641,1747
641,1875
641,3388
641,3629
641,3756
641,3876
641,4126
641,4454
641,4490
641,4641
642,2241
642,2828
642,3145
642,3737
642,3904
642,4640
643,2714
643,2811
643,3642
643,3898
643,4556
644,1059
644,1779
644,2283
644,2443
644,3375
644,3677
644,4652
644,4670
645,250
645,1129
645,1307
645,1399
645,1588
645,1792
645,2162
645,2451
645,2827
645,3256
646,675
646,1266
646,2781
646,2895
646,3317
646,3639
647,1024
647,1328
647,2391
647,3088
647,4708
648,142
648,253
648,626
648,1545
648,3107
648,4866
648,4952
649,149
649,932
649,1882
649,2995
650,2648
650,3113
650,4751
651,66
651,173
651,1138
651,2448
651,3180
651,3358
651,4659
651,4683
651,4869
652,237
652,833
652,1586
652,1601
652,2148
652,2193
652,2375
652,3971
652,5052
653,1225
653,4789
654,1464
654,1831
654,2070
654,2746
654,4305
655,1305
655,1672
655,3166
655,3889
655,4832
656,1797
656,3553
657,1426
657,1932
657,3733
658,393
658,3226
659,1061
659,2123
659,3110
659,3354
660,4138
660,4299
660,4335
660,4701
661,59
661,918
661,2200
661,2519
661,3187
661,4479
661,4576
662,119
662,1188
662,2712
662,3514
662,3602
662,4660
662,5028
662,5078
663,600
663,637
663,1695
663,1764
663,4236
663,4675
664,561
664,655
664,3736
665,3925
665,4275
665,4365
665,4824
666,988
666,1502
666,2741
667,76
667,150
667,207
667,1044
667,1853
667,2629
667,4493
667,4555
667,5022
668,967
668,2215
668,3540
669,215
669,648
669,1248
669,1475
669,2102
669,2954
669,4413
670,2297
670,2464
670,2531
670,2578
670,3456
671,1556
671,2101
671,2382
671,3252
671,4461
671,4563
672,1087
672,3622
672,4108
672,4629
672,4835
672,4955
673,3312
673,4071
673,4828
674,0
674,4804
675,130
675,338
675,1538
675,2216
675,3083
675,3445
675,4494
675,5101
676,1091
676,4363
676,4988
677,154
677,821
677,2600
677,2775
677,3357
677,3447
677,3464
677,3508
677,4730
677,4747
678,1636
678,4057
679,1482
679,3842
679,4040
680,519
680,565
680,1245
680,1410
680,1582
680,1733
680,2138
680,2857
680,3025
680,3266
680,3324
680,4604
681,417
681,1378
681,1617
681,2183
681,2950
682,431
682,621
682,770
682,1552
682,1860
682,1957
682,3242
682,3366
682,4466
683,1202
683,1260
683,2309
683,2936
684,288
684,419
684,1017
684,1025
684,1242
684,1898
684,3136
685,1997
685,3422
685,3674
686,3480
686,3693
687,294
687,4068
688,1176
688,1630
688,1963
688,3149
688,4615
689,497
689,1978
689,3089
689,4154
690,460
690,473
690,920
690,2788
691,2342
691,2601
691,3454
691,4393
692,3220
693,2326
693,2757
693,2927
693,3824
694,388
694,523
694,2395
694,2824
694,3807
694,4585
695,309
695,647
695,2208
695,3760
695,4639
696,358
696,3044
696,3498
696,4698
696,5076
697,521
697,2100
697,3239
697,3994
697,4553
698,973
698,3438
698,4778
699,4483
699,4513
700,2565
700,2871
700,4772
701,213
701,1279
701,1468
701,3100
701,3821
701,4256
702,670
702,2513
702,2671
703,135
703,897
703,1215
703,2840
703,3227
703,4333
704,27
704,668
704,1678
705,2646
705,3888
706,1041
706,1447
706,2623
706,3560
707,1681
707,3923
708,344
708,359
708,1237
708,3415
708,4326
709,467
709,1113
709,3521
709,4994
710,1220
710,1361
710,2625
710,3080
710,4028
711,1065
711,1230
711,3391
712,2207
712,2313
712,3049
712,3942
712,4487
713,881
713,1665
713,5002
714,19
714,168
714,1466
714,2029
714,2253
714,2579
714,3432
714,3694
714,4127
715,462
715,649
715,779
715,2052
715,2454
715,3023
715,3278
715,3528
715,3631
715,4202
715,4248
715,4969
715,4998
716,259
716,263
716,4383
716,4428
717,1204
717,2055
717,3586
717,4663
718,6
718,3452
718,4073
719,976
719,3529
719,3817
720,559
720,3259
721,1141
721,1423
721,1470
721,2723
722,883
722,1111
722,2852
722,3091
723,157
723,4442
724,850
724,2107
724,2550
724,3207
724,4160
725,997
725,1238
725,4475
726,1534
726,2178
726,2480
726,3211
726,4339
726,4729
727,69
727,1712
727,1751
727,1857
727,2494
727,3762
727,4812
728,1457
728,2701
728,4501
728,4806
729,634
729,1084
729,1199
729,2295
729,2473
729,3304
729,3887
729,4579
729,4908
729,4925
730,1326
730,4957
731,1427
731,2334
731,3927
731,4203
731,4677
732,2593
732,4519
733,15
733,33
733,702
733,2114
733,3634
733,4727
734,1312
734,1687
734,2305
734,3788
735,1120
735,2289
735,2573
735,3569
735,4179
736,1103
736,2383
736,2877
737,79
737,111
737,4152
737,4235
738,1289
738,2543
738,4319
739,465
739,979
739,4219
739,4340
739,4435
739,4608
740,4111
740,4541
740,4922
741,3727
741,4238
741,4874
742,243
742,1907
742,3273
743,155
743,2892
743,4528
743,4906
744,2240
744,3390
744,4151
744,4871
745,604
745,3272
745,4301
745,4827
747,47
747,89
747,948
747,2112
747,2743
747,4051
747,4582
748,342
748,619
748,993
748,1830
748,3158
748,3894
748,4097
748,4302
749,160
749,730
749,1985
749,2121
749,2649
749,3393
749,4164
749,4712
749,4725
750,858
750,1774
750,5001
751,992
751,5058
752,339
752,2935
752,3715
752,4196
753,765
753,2655
753,2931
753,4204
753,4562
754,1321
754,3915
754,3948
755,395
755,2085
755,3345
756,450
756,4341
757,304
757,2972
757,3284
758,929
758,1330
758,1728
758,4696
759,278
759,396
759,1683
759,2040
759,2856
759,3591
759,4607
760,1542
760,2562
760,2612
760,3184
760,3612
761,410
761,586
761,2506
761,4783
762,1359
762,1874
762,3092
762,3237
763,474
763,504
763,1259
763,1453
763,3043
763,3292
764,2035
764,2887
764,4273
765,81
765,2352
765,4610
766,1483
766,1754
766,1996
766,2012
766,2290
766,2916
766,3453
766,4209
766,4754
767,400
767,406
767,1429
767,2967
767,3021
767,3377
767,4022
768,737
768,860
768,1666
768,1868
768,1969
768,3013
768,3051
769,223
769,812
769,2276
769,3692
770,426
770,2117
770,2366
770,2753
770,3105
770,3946
770,4110
770,4166
771,842
771,3605
771,3632
771,4592
771,4898
772,4656
773,1257
773,2176
773,2376
773,4538
773,4595
773,4671
774,131
774,4220
775,37
775,1773
775,1799
775,2858
775,2894
775,2994
775,3005
775,4075
775,4609
775,4668
776,1185
776,3441
777,1607
777,3570
777,3996
777,4246
777,4499
778,742
778,2083
778,2452
778,3182
778,3590
779,687
779,1341
779,3138
779,4041
780,365
780,1476
780,2388
780,3809
780,3815
780,4559
781,436
781,941
781,1070
781,1175
781,1924
781,2599
781,2832
781,3465
781,4581
782,287
782,2965
782,2988
782,4624
782,4882
783,279
783,602
783,1327
783,2657
783,2676
783,5080
784,517
784,1794
784,2484
784,4849
785,251
785,2247
785,3791
786,1655
786,2613
786,2970
786,3024
787,166
787,1374
787,2263
787,2534
787,3716
787,5095
788,479
788,699
788,937
788,1179
788,1395
788,3183
788,3423
788,4090
789,276
789,1194
789,1663
789,1709
789,1803
789,2369
789,2716
789,4863
790,70
790,1053
790,1171
790,2730
790,3204
791,3523
791,4643
792,367
792,838
792,1962
792,2132
792,2611
792,3101
792,3162
793,491
793,1034
793,1287
793,2082
793,2687
793,2942
793,4231
794,1112
794,1986
794,4173
795,2316
795,2490
796,724
796,2069
796,4329
797,492
797,1075
797,1741
797,3938
797,4130
797,4768
798,1119
798,2889
798,4484
799,102
799,378
799,510
799,748
799,2545
799,3608
799,4265
799,4741
799,4956
800,1172
800,2835
800,3870
800,4212
800,4359
800,4716
801,151
801,1030
801,1151
801,1301
801,1684
801,1890
801,2354
801,3534
801,4938
802,1603
802,4271
803,199
803,2280
804,318
804,549
804,727
804,885
804,1667
804,3752
804,3806
805,2462
805,3494
806,506
806,2659
806,3599
806,3761
806,4186
807,798
807,1527
807,3924
807,5021
808,2151
808,3885
808,4122
809,652
809,2394
809,3893
809,4024
809,4080
809,5055
810,422
810,1127
810,1763
810,1819
810,2249
810,3587
810,3954
810,4976
811,172
811,239
811,1659
811,3006
811,3337
811,3504
811,3978
811,4816
812,1811
812,2848
812,2872
812,4043
813,455
813,1478
813,2719
813,3321
814,162
814,366
814,686
814,1439
814,1512
814,2469
814,3485
814,4532
815,1182
815,1828
815,2470
816,816
816,1298
816,1587
816,1732
816,3041
816,3383
816,3598
816,3640
816,3846
816,4996
816,5060
817,124
817,861
817,1227
817,1984
817,2591
817,3062
817,3539
818,138
818,286
818,1870
818,3512
819,2924
819,3059
819,4403
820,256
820,1085
820,1648
821,97
821,882
821,3218
821,4427
822,1217
822,1283
822,1814
822,2664
822,2883
822,4808
822,5013
823,118
823,2156
823,2879
823,4535
823,4703
824,961
824,1772
824,2444
824,2816
824,4355
825,231
825,1656
825,3222
825,3374
826,202
826,3459
827,813
827,1157
827,1714
827,3065
827,4971
828,1055
828,1088
828,1703
828,2633
828,3219
828,4211
828,4930
829,978
829,2726
829,2983
830,68
830,694
830,2385
830,2748
830,3102
830,3442
830,3466
830,4076
830,4714
831,61
831,603
831,1922
831,2046
831,2187
831,2416
831,2419
831,2834
832,29
832,580
832,1228
832,1717
832,2820
833,277
833,340
833,1835
833,2202
833,2328
833,3269
833,4259
833,4766
834,4142
834,4366
834,4381
834,4834
834,4897
835,1208
835,2076
835,2789
835,4411
836,998
836,1391
836,1976
836,2301
836,2932
836,3742
836,3840
837,3584
838,227
838,1596
838,1729
838,3506
839,291
839,310
839,446
839,2772
840,50
840,78
840,1368
840,2373
840,2542
840,2911
840,3984
840,4623
840,4649
840,5074
841,936
841,2345
841,4205
842,665
842,1203
842,2300
842,4286
842,4354
842,4756
842,4894
843,28
843,1816
843,1929
843,2760
843,3678
843,4757
843,5045
844,707
844,1159
844,3326
844,4330
844,4942
845,809
845,1895
845,3055
846,3532
846,3618
846,3977
846,4284
846,4931
847,1069
847,1397
847,1431
847,1611
847,1730
847,2616
847,2738
847,2822
847,3010
847,5010
848,646
848,1006
848,3046
849,292
849,311
849,1219
849,2050
849,2782
850,1920
850,2736
850,3086
850,4307
851,289
851,511
851,716
851,1295
851,1641
851,1700
851,1886
851,2867
851,3114
851,3116
851,3610
852,371
852,1669
852,1847
852,1955
852,2492
852,4337
853,442
853,2800
853,3232
853,3878
854,505
854,1945
854,2608
854,3298
854,4208
855,1885
855,1960
855,4997
856,315
856,758
856,1412
856,3097
856,3679
856,3757
856,4163
856,4518
857,1015
857,1541
857,2553
857,2825
857,3550
857,3795
857,4250
857,4989
858,1494
858,1781
858,3381
858,4985
859,140
859,298
859,2876
859,4199
860,1485
860,1993
861,387
861,914
861,1051
861,2512
861,2779
861,2914
861,4342
861,4722
862,179
862,532
862,865
862,1265
862,1285
862,1428
862,1925
862,1995
862,3799
862,4120
863,832
863,1095
863,2073
863,2077
863,3985
863,4106
863,4396
863,4859
864,244
864,413
864,1759
864,1889
864,4180
864,4945
865,2498
866,767
866,2262
866,2548
866,2745
866,3585
866,3641
867,268
867,884
867,1444
867,1726
867,1926
867,2420
867,2618
867,3588
867,4574
868,836
868,1168
868,2346
868,3787
868,3810
868,4488
869,3153
870,346
870,1551
870,2286
870,2727
871,700
871,3802
871,4005
871,4404
871,4525
872,16
872,238
872,285
872,1881
872,2091
872,2327
872,2928
872,3723
872,3830
872,4253
872,4482
873,3215
873,3382
873,4598
874,596
874,1673
874,2582
874,4162
874,4245
874,4449
875,2185
875,4858
875,5042
876,1644
876,2774
877,1142
877,1560
877,2204
877,3265
877,3573
877,3776
878,975
878,1335
878,2180
878,3052
879,317
879,1267
879,3074
879,3309
879,3920
879,4807
879,4953
880,607
880,627
880,1104
880,2034
880,2072
880,2810
881,611
881,870
881,2039
881,2809
882,1822
882,1988
882,4137
883,245
883,623
883,1252
883,1851
883,2344
883,3270
883,3786
883,4278
884,98
884,132
884,562
884,3014
884,3087
885,1029
885,2257
885,4346
885,4575
885,4673
886,67
886,463
886,582
886,890
886,1294
886,1408
886,1745
886,1749
886,2044
886,3997
887,746
887,1939
888,95
888,308
888,545
888,815
888,1181
889,1054
889,1585
889,2318
889,2903
889,3090
889,3214
890,1501
890,2518
890,3327
890,3424
890,4217
890,4392
890,4497
891,1942
891,3414
891,3497
891,3690
891,4155
891,4686
891,4910
891,4935
892,1177
892,2002
892,2706
892,3855
892,4119
892,5104
894,629
894,4645
895,2482
895,3291
896,960
896,4104
897,1384
897,2930
897,5061
898,246
898,1416
898,1818
898,2080
898,2654
898,2922
898,5009
899,1662
899,2319
899,3531
899,4740
900,323
900,2692
900,2783
900,3347
900,3431
900,3609
900,4738
901,74
901,610
901,1590
901,2349
901,2991
901,3009
901,3036
902,1489
902,1497
902,1820
902,2583
902,4036
902,4165
902,4281
903,1787
903,2515
903,2590
903,4515
903,4999
903,5075
904,1840
904,2196
904,2298
904,3764
904,4446
904,4664
904,5097
905,374
905,1517
905,1928
905,2020
905,3835
905,4087
906,774
906,1833
906,2665
906,3195
906,4274
906,4736
907,520
907,946
907,1082
907,2323
907,3072
907,4749
908,437
908,3869
909,1057
909,2294
909,2540
909,2715
909,3546
909,4436
910,1131
910,1697
910,2006
910,2239
911,2111
911,3672
911,3868
911,4034
911,4963
912,766
912,3404
912,4723
912,4995
913,1071
913,2704
913,4841
913,5094
914,392
914,470
914,851
914,1211
914,1574
914,2620
914,3200
914,3253
914,3630
914,4129
915,11
915,669
915,1169
915,2523
915,3037
916,171
916,768
916,1160
916,1430
916,1846
916,3157
917,209
917,690
917,1123
917,2804
917,2975
917,3592
917,3782
917,5071
918,350
918,1738
918,2340
918,2896
918,4795
919,403
919,1383
919,1702
919,2011
919,2780
919,3707
920,843
920,1144
920,3426
920,3939
921,845
922,3174
922,3524
922,3811
922,3895
922,4191
922,4308
923,2149
923,4523
924,786
924,4386
925,229
925,2605
925,4758
926,163
926,628
926,3386
926,4947
927,771
927,3527
927,5011
928,1610
928,3001
928,3738
928,3862
928,3928
929,1049
929,1207
929,2795
929,3475
929,4147
930,386
930,703
930,1459
930,1544
930,2702
930,3197
930,3289
930,3988
930,4017
930,4315
930,4717
931,873
931,2595
931,2777
931,3125
931,4405
931,4784
932,844
932,2955
932,3202
932,4287
932,4662
932,5003
933,305
933,1420
933,2086
933,2449
933,3152
933,3574
933,5017
934,1008
934,1558
934,4011
934,4046
934,4896
934,5100
935,531
935,1579
935,1916
935,2245
935,2380
935,3403
935,3430
936,302
936,1334
936,1364
936,1460
936,3860
936,4450
937,275
937,966
937,1013
937,5038
938,772
938,1424
938,1448
938,1690
939,1597
939,2742
939,3520
939,4125
940,913
940,1156
940,1746
940,1752
940,1967
940,4361
941,483
941,714
941,2853
941,4048
941,4064
942,106
942,1441
942,3611
943,1198
943,1272
943,2351
943,3547
943,4156
943,4705
944,1546
944,2243
944,3109
944,3417
944,3419
944,3750
944,3852
944,4605
945,2074
945,2658
945,2919
945,2989
946,536
946,617
946,1002
946,1284
946,1686
946,1780
946,1823
946,2938
947,1674
948,4
948,1653
948,2926
948,3096
948,3717
948,4782
949,1311
949,1620
949,2184
949,2499
949,3193
949,3319
950,391
950,1994
950,2913
950,3356
951,1097
951,3370
951,3594
951,4819
952,970
952,1844
952,4195
952,4272
952,4810
952,5036
953,258
953,503
953,1063
953,1231
954,711
954,1446
954,2423
954,3657
954,3718
954,4318
955,1001
955,1263
955,1458
955,1661
955,2213
955,3373
955,3670
955,3812
955,4572
956,94
956,1555
956,3470
956,3566
956,4601
956,4760
957,381
957,878
957,984
957,1762
957,2010
957,2031
957,3031
958,402
958,4398
959,1276
959,4254
960,114
960,208
960,909
960,1761
960,1965
960,2353
960,4829
961,663
961,3208
961,3451
961,4145
962,741
962,1096
962,1187
962,1706
962,1989
962,3803
962,4007
962,4276
962,4600
963,2363
963,2407
964,1275
964,1756
964,2846
964,3350
964,4131
965,117
965,1550
965,1609
965,4030
965,4070
966,1693
966,3017
966,5032
967,2292
968,899
968,1543
968,2453
968,2691
969,3526
970,1068
970,2131
970,2144
970,3763
970,4351
970,4489
970,4745
970,4773
971,642
971,2390
971,3054
971,4388
971,4825
972,667
972,1093
972,2427
972,2868
972,3233
973,1864
973,2233
973,3643
973,4949
973,5090
974,65
974,554
974,739
974,958
974,2090
974,2784
974,2870
974,2961
974,4558
975,1784
975,2089
975,2198
975,3542
975,3881
975,4781
976,293
976,2203
976,2497
976,3363
976,4294
977,148
977,2312
977,3134
977,4277
977,4642
978,120
978,1913
978,2236
978,3744
978,4875
979,597
979,955
979,2372
979,2732
979,3231
979,3328
979,5027
980,877
980,3248
981,254
981,307
981,738
981,4252
981,5088
982,630
982,4374
983,1306
984,382
984,598
984,3008
984,3478
984,4846
984,5037
985,631
985,673
985,2686
985,3299
985,3502
985,3859
986,1074
986,1628
986,2636
986,4552
988,3980
988,4167
988,4379
988,4644
989,192
989,1758
989,2088
989,2982
989,4056
989,4063
989,4223
989,4377
989,4502
990,2341
990,3635
990,4132
991,242
991,1386
991,2526
991,3676
991,4653
991,4878
992,425
992,971
992,1509
992,1608
992,4630
993,9
993,1083
993,1348
993,1569
993,2918
993,3316
993,5070
994,434
994,902
994,1614
994,2140
994,2234
994,4190
994,4310
995,1090
995,1100
995,1549
995,2850
995,3777
995,4247
995,4367
995,4506
996,14
996,3015
997,296
997,2541
997,4588
997,4904
997,4941
998,740
998,1477
998,3313
998,4289
999,1180
999,1685
999,2505
999,2650
999,3850
999,4468
999,5020
999,5082
